[
  {
    "value": "นกกระจอกบ้าน",
    "synonyms": [
      "นกกระจอกบ้าน"
    ]
  },
  {
    "value": "หนูหริ่งนาหางสั้น",
    "synonyms": [
      "หนูหริ่งนาหางสั้น"
    ]
  },
  {
    "value": "นกกระติ๊ดตะโพกขาว",
    "synonyms": [
      "นกกระติ๊ดตะโพกขาว"
    ]
  },
  {
    "value": "นกเขาใหญ่",
    "synonyms": [
      "นกเขาใหญ่"
    ]
  },
  {
    "value": "หนูพุกเล็ก",
    "synonyms": [
      "หนูพุกเล็ก"
    ]
  },
  {
    "value": "นกกระจาบธรรมดา",
    "synonyms": [
      "นกกระจาบธรรมดา"
    ]
  },
  {
    "value": "หอยเชอรี่",
    "synonyms": [
      "หอยเชอรี่"
    ]
  },
  {
    "value": "นกกระจอกใหญ่",
    "synonyms": [
      "นกกระจอกใหญ่"
    ]
  },
  {
    "value": "นกเขาชวา",
    "synonyms": [
      "นกเขาชวา"
    ]
  },
  {
    "value": "หนูท้องขาว",
    "synonyms": [
      "หนูท้องขาว"
    ]
  },
  {
    "value": "นกกระจอกตาล",
    "synonyms": [
      "นกกระจอกตาล"
    ]
  },
  {
    "value": "หนูนาเล็ก",
    "synonyms": [
      "หนูนาเล็ก"
    ]
  },
  {
    "value": "นกกระติ๊ดขี้หมู",
    "synonyms": [
      "นกกระติ๊ดขี้หมู"
    ]
  },
  {
    "value": "หนูนาใหญ่",
    "synonyms": [
      "หนูนาใหญ่"
    ]
  },
  {
    "value": "หนูหริ่งนาหางยาว",
    "synonyms": [
      "หนูหริ่งนาหางยาว"
    ]
  },
  {
    "value": "นกกระจาบทอง",
    "synonyms": [
      "นกกระจาบทอง"
    ]
  },
  {
    "value": "นกพิราบป่า",
    "synonyms": [
      "นกพิราบป่า"
    ]
  },
  {
    "value": "ปูนา",
    "synonyms": [
      "ปูนา"
    ]
  },
  {
    "value": "หนูพุกใหญ่",
    "synonyms": [
      "หนูพุกใหญ่"
    ]
  }
]