[
  {
    "value": "กข5",
    "synonyms": [
      "กข5"
    ]
  },
  {
    "value": "กข27",
    "synonyms": [
      "กข27"
    ]
  },
  {
    "value": "พิษณุโลก 60-1",
    "synonyms": [
      "พิษณุโลก 60-1"
    ]
  },
  {
    "value": "กข 59",
    "synonyms": [
      "กข 59"
    ]
  },
  {
    "value": "พวงไร่ 2",
    "synonyms": [
      "พวงไร่ 2"
    ]
  },
  {
    "value": "ขาวกอเดียว 35",
    "synonyms": [
      "ขาวกอเดียว 35"
    ]
  },
  {
    "value": "กข8",
    "synonyms": [
      "กข8"
    ]
  },
  {
    "value": "ไข่มดริ้น 3",
    "synonyms": [
      "ไข่มดริ้น 3"
    ]
  },
  {
    "value": "กข13",
    "synonyms": [
      "กข13"
    ]
  },
  {
    "value": "ขาวดอกมะลิ 105",
    "synonyms": [
      "ขาวดอกมะลิ 105"
    ]
  },
  {
    "value": "ขาวตาแห้ง 17",
    "synonyms": [
      "ขาวตาแห้ง 17"
    ]
  },
  {
    "value": "เหนียวดำหมอ",
    "synonyms": [
      "เหนียวดำหมอ"
    ]
  },
  {
    "value": "ลูกแดงปัตตานี",
    "synonyms": [
      "ลูกแดงปัตตานี"
    ]
  },
  {
    "value": "กข51",
    "synonyms": [
      "กข51"
    ]
  },
  {
    "value": "ขาวปากหม้อ 148",
    "synonyms": [
      "ขาวปากหม้อ 148"
    ]
  },
  {
    "value": "เผือกน้ำ 43",
    "synonyms": [
      "เผือกน้ำ 43"
    ]
  },
  {
    "value": "กข20",
    "synonyms": [
      "กข20"
    ]
  },
  {
    "value": "น้ำสะกุย 19",
    "synonyms": [
      "น้ำสะกุย 19"
    ]
  },
  {
    "value": "พัทลุง 60",
    "synonyms": [
      "พัทลุง 60"
    ]
  },
  {
    "value": "กำผาย 15",
    "synonyms": [
      "กำผาย 15"
    ]
  },
  {
    "value": "กข15",
    "synonyms": [
      "กข15"
    ]
  },
  {
    "value": "เข็มทองพัทลุง",
    "synonyms": [
      "เข็มทองพัทลุง"
    ]
  },
  {
    "value": "กข12",
    "synonyms": [
      "กข12"
    ]
  },
  {
    "value": "เขี้ยวงู",
    "synonyms": [
      "เขี้ยวงู"
    ]
  },
  {
    "value": "กข35",
    "synonyms": [
      "กข35"
    ]
  },
  {
    "value": "กข67",
    "synonyms": [
      "กข67"
    ]
  },
  {
    "value": "เก้ารวง 88",
    "synonyms": [
      "เก้ารวง 88"
    ]
  },
  {
    "value": "ชุมแพ 60",
    "synonyms": [
      "ชุมแพ 60"
    ]
  },
  {
    "value": "นางพญา 132",
    "synonyms": [
      "นางพญา 132"
    ]
  },
  {
    "value": "นางมล เอส-4",
    "synonyms": [
      "นางมล เอส-4"
    ]
  },
  {
    "value": "กข6",
    "synonyms": [
      "กข6"
    ]
  },
  {
    "value": "เฉี้ยงพัทลุง",
    "synonyms": [
      "เฉี้ยงพัทลุง"
    ]
  },
  {
    "value": "ปทุมธานี 60",
    "synonyms": [
      "ปทุมธานี 60"
    ]
  },
  {
    "value": "พิษณุโลก 80",
    "synonyms": [
      "พิษณุโลก 80"
    ]
  },
  {
    "value": "เหลืองใหญ่ 148",
    "synonyms": [
      "เหลืองใหญ่ 148"
    ]
  },
  {
    "value": "เหมยนอง 62 เอ็ม",
    "synonyms": [
      "เหมยนอง 62 เอ็ม"
    ]
  },
  {
    "value": "เล็บนกปัตตานี",
    "synonyms": [
      "เล็บนกปัตตานี"
    ]
  },
  {
    "value": "เหลืองประทิว 123",
    "synonyms": [
      "เหลืองประทิว 123"
    ]
  },
  {
    "value": "กข16",
    "synonyms": [
      "กข16"
    ]
  },
  {
    "value": "หอมกระดังงา 59",
    "synonyms": [
      "หอมกระดังงา 59"
    ]
  },
  {
    "value": "เจ๊กเชย 1",
    "synonyms": [
      "เจ๊กเชย 1"
    ]
  },
  {
    "value": "หางยี 71",
    "synonyms": [
      "หางยี 71"
    ]
  },
  {
    "value": "ข้าวเจ้าหอมพิษณุโลก 1",
    "synonyms": [
      "ข้าวเจ้าหอมพิษณุโลก 1"
    ]
  },
  {
    "value": "พิษณุโลก 3",
    "synonyms": [
      "พิษณุโลก 3"
    ]
  },
  {
    "value": "ข้าวหลวงสันป่าตอง",
    "synonyms": [
      "ข้าวหลวงสันป่าตอง"
    ]
  },
  {
    "value": "ช่อลุง 97",
    "synonyms": [
      "ช่อลุง 97"
    ]
  },
  {
    "value": "แก่นจันทร์",
    "synonyms": [
      "แก่นจันทร์"
    ]
  },
  {
    "value": "กข18",
    "synonyms": [
      "กข18"
    ]
  },
  {
    "value": "กข33",
    "synonyms": [
      "กข33"
    ]
  },
  {
    "value": "สุพรรณบุรี 2",
    "synonyms": [
      "สุพรรณบุรี 2"
    ]
  },
  {
    "value": "กข 57 ปทุมธานี 200",
    "synonyms": [
      "กข 57 ปทุมธานี 200"
    ]
  },
  {
    "value": "กข43",
    "synonyms": [
      "กข43"
    ]
  },
  {
    "value": "กข53",
    "synonyms": [
      "กข53"
    ]
  },
  {
    "value": "พิษณุโลก 2",
    "synonyms": [
      "พิษณุโลก 2"
    ]
  },
  {
    "value": "พลายงามปราจีนบุรี",
    "synonyms": [
      "พลายงามปราจีนบุรี"
    ]
  },
  {
    "value": "ข้าวเหนียวลืมผัว",
    "synonyms": [
      "ข้าวเหนียวลืมผัว"
    ]
  },
  {
    "value": "ซิวแม่จัน",
    "synonyms": [
      "ซิวแม่จัน"
    ]
  },
  {
    "value": "กข63",
    "synonyms": [
      "กข63"
    ]
  },
  {
    "value": "กข25",
    "synonyms": [
      "กข25"
    ]
  },
  {
    "value": "สกลนคร",
    "synonyms": [
      "สกลนคร"
    ]
  },
  {
    "value": "สันป่าตอง 1",
    "synonyms": [
      "สันป่าตอง 1"
    ]
  },
  {
    "value": "น้ำรู",
    "synonyms": [
      "น้ำรู"
    ]
  },
  {
    "value": "ข้าวหอมกุหลาบแดง",
    "synonyms": [
      "ข้าวหอมกุหลาบแดง"
    ]
  },
  {
    "value": "กข1",
    "synonyms": [
      "กข1"
    ]
  },
  {
    "value": "กข9",
    "synonyms": [
      "กข9"
    ]
  },
  {
    "value": "กข47",
    "synonyms": [
      "กข47"
    ]
  },
  {
    "value": "กข10",
    "synonyms": [
      "กข10"
    ]
  },
  {
    "value": "ตะเภาแก้ว 161",
    "synonyms": [
      "ตะเภาแก้ว 161"
    ]
  },
  {
    "value": "สะเมิง 1",
    "synonyms": [
      "สะเมิง 1"
    ]
  },
  {
    "value": "เหนียวอุบล 2",
    "synonyms": [
      "เหนียวอุบล 2"
    ]
  },
  {
    "value": "กข41",
    "synonyms": [
      "กข41"
    ]
  },
  {
    "value": "กข31",
    "synonyms": [
      "กข31"
    ]
  },
  {
    "value": "กข23",
    "synonyms": [
      "กข23"
    ]
  },
  {
    "value": "เหนียวสันป่าตอง",
    "synonyms": [
      "เหนียวสันป่าตอง"
    ]
  },
  {
    "value": "กข29",
    "synonyms": [
      "กข29"
    ]
  },
  {
    "value": "กข7",
    "synonyms": [
      "กข7"
    ]
  },
  {
    "value": "ข้าวเจ้าหอมคลองหลวง 1",
    "synonyms": [
      "ข้าวเจ้าหอมคลองหลวง 1"
    ]
  },
  {
    "value": "เหนียวดำช่อไม้ไผ่ 49",
    "synonyms": [
      "เหนียวดำช่อไม้ไผ่ 49"
    ]
  },
  {
    "value": "หันตรา 60",
    "synonyms": [
      "หันตรา 60"
    ]
  },
  {
    "value": "เจ้าขาวเชียงใหม่",
    "synonyms": [
      "เจ้าขาวเชียงใหม่"
    ]
  },
  {
    "value": "ฝาง 60",
    "synonyms": [
      "ฝาง 60"
    ]
  },
  {
    "value": "สุรินทร์ 1",
    "synonyms": [
      "สุรินทร์ 1"
    ]
  },
  {
    "value": "กข2",
    "synonyms": [
      "กข2"
    ]
  },
  {
    "value": "กข4",
    "synonyms": [
      "กข4"
    ]
  },
  {
    "value": "ปราจีนบุรี 1",
    "synonyms": [
      "ปราจีนบุรี 1"
    ]
  },
  {
    "value": "อยุธยา 1",
    "synonyms": [
      "อยุธยา 1"
    ]
  },
  {
    "value": "ซีพี 304",
    "synonyms": [
      "ซีพี 304"
    ]
  },
  {
    "value": "กขผ3",
    "synonyms": [
      "กขผ3"
    ]
  },
  {
    "value": "ชัยนาท 2",
    "synonyms": [
      "ชัยนาท 2"
    ]
  },
  {
    "value": "กข49",
    "synonyms": [
      "กข49"
    ]
  },
  {
    "value": "พัทลุง",
    "synonyms": [
      "พัทลุง"
    ]
  },
  {
    "value": "สุพรรณบุรี 60",
    "synonyms": [
      "สุพรรณบุรี 60"
    ]
  },
  {
    "value": "กข-แม่โจ้ 2",
    "synonyms": [
      "กข-แม่โจ้ 2"
    ]
  },
  {
    "value": "ปราจีนบุรี 2",
    "synonyms": [
      "ปราจีนบุรี 2"
    ]
  },
  {
    "value": "กข39",
    "synonyms": [
      "กข39"
    ]
  },
  {
    "value": "กข61",
    "synonyms": [
      "กข61"
    ]
  },
  {
    "value": "นางฉลอง",
    "synonyms": [
      "นางฉลอง"
    ]
  },
  {
    "value": "กขผ1",
    "synonyms": [
      "กขผ1"
    ]
  },
  {
    "value": "กข11",
    "synonyms": [
      "กข11"
    ]
  },
  {
    "value": "กข21",
    "synonyms": [
      "กข21"
    ]
  },
  {
    "value": "กข69",
    "synonyms": [
      "กข69"
    ]
  },
  {
    "value": "พิษณุโลก 60-2",
    "synonyms": [
      "พิษณุโลก 60-2"
    ]
  },
  {
    "value": "แพร่ 1",
    "synonyms": [
      "แพร่ 1"
    ]
  },
  {
    "value": "เล็บมือนาง 111",
    "synonyms": [
      "เล็บมือนาง 111"
    ]
  },
  {
    "value": "เหนียวอุบล 1",
    "synonyms": [
      "เหนียวอุบล 1"
    ]
  },
  {
    "value": "ข้าวเจ้าหอมสุพรรณบุรี",
    "synonyms": [
      "ข้าวเจ้าหอมสุพรรณบุรี"
    ]
  },
  {
    "value": "ชัยนาท 1",
    "synonyms": [
      "ชัยนาท 1"
    ]
  },
  {
    "value": "สุพรรณบุรี 1",
    "synonyms": [
      "สุพรรณบุรี 1"
    ]
  },
  {
    "value": "ขาวโป่งไคร้",
    "synonyms": [
      "ขาวโป่งไคร้"
    ]
  },
  {
    "value": "สังข์หยดพัทลุง",
    "synonyms": [
      "สังข์หยดพัทลุง"
    ]
  },
  {
    "value": "สะเมิง 2",
    "synonyms": [
      "สะเมิง 2"
    ]
  },
  {
    "value": "แพร่ 60",
    "synonyms": [
      "แพร่ 60"
    ]
  },
  {
    "value": "กข65",
    "synonyms": [
      "กข65"
    ]
  },
  {
    "value": "ปทุมธานี 1",
    "synonyms": [
      "ปทุมธานี 1"
    ]
  },
  {
    "value": "กข19",
    "synonyms": [
      "กข19"
    ]
  },
  {
    "value": "กู้เมืองหลวง",
    "synonyms": [
      "กู้เมืองหลวง"
    ]
  },
  {
    "value": "กข55",
    "synonyms": [
      "กข55"
    ]
  },
  {
    "value": "สุพรรณบุรี 90",
    "synonyms": [
      "สุพรรณบุรี 90"
    ]
  },
  {
    "value": "กข14",
    "synonyms": [
      "กข14"
    ]
  },
  {
    "value": "ขาวบ้านนา 432",
    "synonyms": [
      "ขาวบ้านนา 432"
    ]
  },
  {
    "value": "ข้าวหอมแดง",
    "synonyms": [
      "ข้าวหอมแดง"
    ]
  },
  {
    "value": "ข้าวญี่ปุ่น กวก.2",
    "synonyms": [
      "ข้าวญี่ปุ่น กวก.2"
    ]
  },
  {
    "value": "สะเมิง 2",
    "synonyms": [
      "สะเมิง 2"
    ]
  },
  {
    "value": "สุพรรณบุรี 3",
    "synonyms": [
      "สุพรรณบุรี 3"
    ]
  },
  {
    "value": "ปิ่นแก้ว 56",
    "synonyms": [
      "ปิ่นแก้ว 56"
    ]
  },
  {
    "value": "เจ้าฮ่อ",
    "synonyms": [
      "เจ้าฮ่อ"
    ]
  },
  {
    "value": "สะเมิง 1",
    "synonyms": [
      "สะเมิง 1"
    ]
  },
  {
    "value": "กข3",
    "synonyms": [
      "กข3"
    ]
  },
  {
    "value": "กข37",
    "synonyms": [
      "กข37"
    ]
  },
  {
    "value": "บางแตน",
    "synonyms": [
      "บางแตน"
    ]
  },
  {
    "value": "กข22",
    "synonyms": [
      "กข22"
    ]
  },
  {
    "value": "กข45",
    "synonyms": [
      "กข45"
    ]
  },
  {
    "value": "กข17",
    "synonyms": [
      "กข17"
    ]
  },
  {
    "value": "ดอกพะยอม",
    "synonyms": [
      "ดอกพะยอม"
    ]
  },
  {
    "value": "เจ้าลีซอสันป่าตอง",
    "synonyms": [
      "เจ้าลีซอสันป่าตอง"
    ]
  },
  {
    "value": "อาร์258",
    "synonyms": [
      "อาร์258"
    ]
  },
  {
    "value": "ข้าวญี่ปุ่น กวก.1",
    "synonyms": [
      "ข้าวญี่ปุ่น กวก.1"
    ]
  }
]