[
  {
    "value": "หนอนกอแถบลาย",
    "synonyms": [
      "หนอนกอแถบลาย"
    ]
  },
  {
    "value": "หนอนแมลงวันเจาะยอดข้าว",
    "synonyms": [
      "หนอนแมลงวันเจาะยอดข้าว"
    ]
  },
  {
    "value": "เพลี้ยกระโดดหลังขาว",
    "synonyms": [
      "เพลี้ยกระโดดหลังขาว"
    ]
  },
  {
    "value": "หนอนกอข้าวสีครีม",
    "synonyms": [
      "หนอนกอข้าวสีครีม"
    ]
  },
  {
    "value": "หนอนกระทู้กล้า",
    "synonyms": [
      "หนอนกระทู้กล้า"
    ]
  },
  {
    "value": "เพลี้ยไฟ",
    "synonyms": [
      "เพลี้ยไฟ"
    ]
  },
  {
    "value": "มวนง่าม",
    "synonyms": [
      "มวนง่าม"
    ]
  },
  {
    "value": "หนอนกอสีชมพู",
    "synonyms": [
      "หนอนกอสีชมพู"
    ]
  },
  {
    "value": "แมลงสิง",
    "synonyms": [
      "แมลงสิง"
    ]
  },
  {
    "value": "หนอนห่อใบข้าว",
    "synonyms": [
      "หนอนห่อใบข้าว"
    ]
  },
  {
    "value": "เพลี้ยจักจั่นสีเขียว",
    "synonyms": [
      "เพลี้ยจักจั่นสีเขียว"
    ]
  },
  {
    "value": "หนอนกระทู้คอรวง",
    "synonyms": [
      "หนอนกระทู้คอรวง"
    ]
  },
  {
    "value": "เพลี้ยกระโดดสีน้ำตาล",
    "synonyms": [
      "เพลี้ยกระโดดสีน้ำตาล"
    ]
  },
  {
    "value": "เพลี้ยแป้ง",
    "synonyms": [
      "เพลี้ยแป้ง"
    ]
  },
  {
    "value": "เพลี้ยจักจั่นปีกลายหยัก",
    "synonyms": [
      "เพลี้ยจักจั่นปีกลายหยัก"
    ]
  },
  {
    "value": "หนอนปลอกข้าว",
    "synonyms": [
      "หนอนปลอกข้าว"
    ]
  },
  {
    "value": "หนอนกอแถบลายสีม่วง",
    "synonyms": [
      "หนอนกอแถบลายสีม่วง"
    ]
  },
  {
    "value": "ด้วงงวงกินรากข้าว",
    "synonyms": [
      "ด้วงงวงกินรากข้าว"
    ]
  },
  {
    "value": "แมลงดำหนาม",
    "synonyms": [
      "แมลงดำหนาม"
    ]
  },
  {
    "value": "แมลงบัว",
    "synonyms": [
      "แมลงบัว"
    ]
  },
  {
    "value": "ด้วงดำ",
    "synonyms": [
      "ด้วงดำ"
    ]
  },
  {
    "value": "แมลงหล่า",
    "synonyms": [
      "แมลงหล่า"
    ]
  }
]