[
  {
    "value": "โรคขอบใบแห้ง",
    "synonyms": [
      "โรคขอบใบแห้ง"
    ]
  },
  {
    "value": "โรคกล้าเน่าในกระบะเพาะ",
    "synonyms": [
      "โรคกล้าเน่าในกระบะเพาะ"
    ]
  },
  {
    "value": "โรคเขียวเตี้ย",
    "synonyms": [
      "โรคเขียวเตี้ย"
    ]
  },
  {
    "value": "โรคใบสีส้ม",
    "synonyms": [
      "โรคใบสีส้ม"
    ]
  },
  {
    "value": "โรคลำต้นเน่า",
    "synonyms": [
      "โรคลำต้นเน่า"
    ]
  },
  {
    "value": "โรคใบขีดโปร่งแสง",
    "synonyms": [
      "โรคใบขีดโปร่งแสง"
    ]
  },
  {
    "value": "โรคใบสีแสด",
    "synonyms": [
      "โรคใบสีแสด"
    ]
  },
  {
    "value": "โรคกาบใบแห้ง",
    "synonyms": [
      "โรคกาบใบแห้ง"
    ]
  },
  {
    "value": "โรคขอบใบแห้ง",
    "synonyms": [
      "โรคขอบใบแห้ง"
    ]
  },
  {
    "value": "โรคใบหงิก",
    "synonyms": [
      "โรคใบหงิก"
    ]
  },
  {
    "value": "โรครากปม",
    "synonyms": [
      "โรครากปม"
    ]
  },
  {
    "value": "โรคเมล็ดด่าง",
    "synonyms": [
      "โรคเมล็ดด่าง"
    ]
  },
  {
    "value": "โรคถอดฝักดาบ",
    "synonyms": [
      "โรคถอดฝักดาบ"
    ]
  },
  {
    "value": "ใบจุดสีน้ำตาล",
    "synonyms": [
      "ใบจุดสีน้ำตาล"
    ]
  },
  {
    "value": "โรคหูด",
    "synonyms": [
      "โรคหูด"
    ]
  },
  {
    "value": "โรคใบแถบแดง",
    "synonyms": [
      "โรคใบแถบแดง"
    ]
  },
  {
    "value": "โรคเมาตอซัง",
    "synonyms": [
      "โรคเมาตอซัง"
    ]
  },
  {
    "value": "โรคดอกกระถิน",
    "synonyms": [
      "โรคดอกกระถิน"
    ]
  },
  {
    "value": "โรคเหลืองเตี้ย",
    "synonyms": [
      "โรคเหลืองเตี้ย"
    ]
  },
  {
    "value": "โรคใบขีดสีน้ำตาล",
    "synonyms": [
      "โรคใบขีดสีน้ำตาล"
    ]
  },
  {
    "value": "โรคไหม้",
    "synonyms": [
      "โรคไหม้"
    ]
  },
  {
    "value": "โรคใบวงสีน้ำตาล",
    "synonyms": [
      "โรคใบวงสีน้ำตาล"
    ]
  },
  {
    "value": "โรคกาบใบเน่า",
    "synonyms": [
      "โรคกาบใบเน่า"
    ]
  }
]