[
  {
    "value": "ผักแว่น",
    "synonyms": [
      "ผักแว่น"
    ]
  },
  {
    "value": "หญ้าปากควาย",
    "synonyms": [
      "หญ้าปากควาย"
    ]
  },
  {
    "value": "สะอึก",
    "synonyms": [
      "สะอึก"
    ]
  },
  {
    "value": "ถั่วลิสงนา",
    "synonyms": [
      "ถั่วลิสงนา"
    ]
  },
  {
    "value": "ผักปราบนา",
    "synonyms": [
      "ผักปราบนา"
    ]
  },
  {
    "value": "หญ้ารังนก",
    "synonyms": [
      "หญ้ารังนก"
    ]
  },
  {
    "value": "หญ้าตีนกา",
    "synonyms": [
      "หญ้าตีนกา"
    ]
  },
  {
    "value": "กะเม็ง",
    "synonyms": [
      "กะเม็ง"
    ]
  },
  {
    "value": "หญ้าแดง",
    "synonyms": [
      "หญ้าแดง"
    ]
  },
  {
    "value": "โสนคางคก",
    "synonyms": [
      "โสนคางคก"
    ]
  },
  {
    "value": "หญ้าหางหมาจิ๊งจอก",
    "synonyms": [
      "หญ้าหางหมาจิ๊งจอก"
    ]
  },
  {
    "value": "หญ้าชันกาด",
    "synonyms": [
      "หญ้าชันกาด"
    ]
  },
  {
    "value": "ผักโขมไร้หนาม",
    "synonyms": [
      "ผักโขมไร้หนาม"
    ]
  },
  {
    "value": "ผักงวงช้าง",
    "synonyms": [
      "ผักงวงช้าง"
    ]
  },
  {
    "value": "หญ้าข้าวนก",
    "synonyms": [
      "หญ้าข้าวนก"
    ]
  },
  {
    "value": "กกขนาก",
    "synonyms": [
      "กกขนาก"
    ]
  },
  {
    "value": "หนวดปลาดุก",
    "synonyms": [
      "หนวดปลาดุก"
    ]
  },
  {
    "value": "ผักเบี้ยหิน",
    "synonyms": [
      "ผักเบี้ยหิน"
    ]
  },
  {
    "value": "หญ้านกสีชมพู",
    "synonyms": [
      "หญ้านกสีชมพู"
    ]
  },
  {
    "value": "ผักบุ้ง",
    "synonyms": [
      "ผักบุ้ง"
    ]
  },
  {
    "value": "เทียนนา",
    "synonyms": [
      "เทียนนา"
    ]
  },
  {
    "value": "หญ้าชะกาดน้ำเค็ม",
    "synonyms": [
      "หญ้าชะกาดน้ำเค็ม"
    ]
  },
  {
    "value": "ปอวัชพืช",
    "synonyms": [
      "ปอวัชพืช"
    ]
  },
  {
    "value": "ขาเขียด",
    "synonyms": [
      "ขาเขียด"
    ]
  },
  {
    "value": "กกทราย",
    "synonyms": [
      "กกทราย"
    ]
  },
  {
    "value": "เซ่งใบมน",
    "synonyms": [
      "เซ่งใบมน"
    ]
  },
  {
    "value": "หญ้าดอกขาว",
    "synonyms": [
      "หญ้าดอกขาว"
    ]
  },
  {
    "value": "ผักปอดนา",
    "synonyms": [
      "ผักปอดนา"
    ]
  },
  {
    "value": "หญ้าแพรก",
    "synonyms": [
      "หญ้าแพรก"
    ]
  },
  {
    "value": "โสนหางไก่",
    "synonyms": [
      "โสนหางไก่"
    ]
  },
  {
    "value": "หญ้าตีนนก",
    "synonyms": [
      "หญ้าตีนนก"
    ]
  },
  {
    "value": "หญ้ากุศลา",
    "synonyms": [
      "หญ้ากุศลา"
    ]
  }
]