[
  {
    "value": "ชื่ออื่น",
    "synonyms": [
      "ชื่ออื่น"
    ]
  },
  {
    "value": "การแพร่ระบาด",
    "synonyms": [
      "การแพร่ระบาด"
    ]
  },
  {
    "value": "อาหารของแมลง",
    "synonyms": [
      "อาหารของแมลง"
    ]
  },
  {
    "value": "ชื่อวิทยาศาสตร์",
    "synonyms": [
      "ชื่อวิทยาศาสตร์"
    ]
  },
  {
    "value": "ชนิดของข้าว",
    "synonyms": [
      "ชนิดของข้าว"
    ]
  },
  {
    "value": "ประเภทและชีพจร",
    "synonyms": [
      "ประเภทและชีพจร"
    ]
  },
  {
    "value": "ชื่ออันดับ",
    "synonyms": [
      "ชื่ออันดับ"
    ]
  },
  {
    "value": "ชื่ออันดับย่อย",
    "synonyms": [
      "ชื่ออันดับย่อย"
    ]
  },
  {
    "value": "ชื่อวงศ์",
    "synonyms": [
      "ชื่อวงศ์"
    ]
  },
  {
    "value": "การแพร่ระบาดและทำลาย",
    "synonyms": [
      "การแพร่ระบาดและทำลาย"
    ]
  },
  {
    "value": "การป้องกันกำจัด",
    "synonyms": [
      "การป้องกันกำจัด"
    ]
  },
  {
    "value": "พื้นที่ที่พบ",
    "synonyms": [
      "พื้นที่ที่พบ"
    ]
  },
  {
    "value": "ลักษณะของโรค",
    "synonyms": [
      "ลักษณะของโรค"
    ]
  },
  {
    "value": "ข้อควรระวัง",
    "synonyms": [
      "ข้อควรระวัง"
    ]
  },
  {
    "value": "ลักษณะทางชีววิทยา",
    "synonyms": [
      "ลักษณะทางชีววิทยา"
    ]
  },
  {
    "value": "ชื่อสามัญอื่น",
    "synonyms": [
      "ชื่อสามัญอื่น"
    ]
  },
  {
    "value": "ลักษณะการทำลาย",
    "synonyms": [
      "ลักษณะการทำลาย"
    ]
  },
  {
    "value": "ลักษณะทั่วไป",
    "synonyms": [
      "ลักษณะทั่วไป"
    ]
  },
  {
    "value": "เกิดจากอะไร",
    "synonyms": [
      "เกิดจากอะไร"
    ]
  },
  {
    "value": "คู่ผสม",
    "synonyms": [
      "คู่ผสม"
    ]
  },
  {
    "value": "ประวัติพันธุ์",
    "synonyms": [
      "ประวัติพันธุ์"
    ]
  },
  {
    "value": "ลักษณะประจำพันธุ์",
    "synonyms": [
      "ลักษณะประจำพันธุ์"
    ]
  },
  {
    "value": "ลักษณะเด่น",
    "synonyms": [
      "ลักษณะเด่น"
    ]
  },
  {
    "value": "หัวข้อทั้งหมด",
    "synonyms": [
      "หัวข้อทั้งหมด"
    ]
  },
  {
    "value": "การรับรองพันธุ์",
    "synonyms": [
      "การรับรองพันธุ์"
    ]
  },
  {
    "value": "ลักษณะพิเศษ",
    "synonyms": [
      "ลักษณะพิเศษ"
    ]
  },
  {
    "value": "ผลผลิต",
    "synonyms": [
      "ผลผลิต"
    ]
  }
]