[
  {
    "value": "ลักษณะพิเศษ",
    "synonyms": [
      "ลักษณะพิเศษ"
    ]
  },
  {
    "value": "พื้นที่ที่พบ",
    "synonyms": [
      "พื้นที่ที่พบ"
    ]
  },
  {
    "value": "ลักษณะการทำลาย",
    "synonyms": [
      "ลักษณะการทำลาย"
    ]
  },
  {
    "value": "ลักษณะทั่วไป",
    "synonyms": [
      "ลักษณะทั่วไป"
    ]
  },
  {
    "value": "ชื่อวงศ์",
    "synonyms": [
      "ชื่อวงศ์"
    ]
  },
  {
    "value": "ชื่อวิทยาศาสตร์",
    "synonyms": [
      "ชื่อวิทยาศาสตร์"
    ]
  },
  {
    "value": "ชื่อสามัญอื่น",
    "synonyms": [
      "ชื่อสามัญอื่น"
    ]
  },
  {
    "value": "การป้องกันกำจัด",
    "synonyms": [
      "การป้องกันกำจัด"
    ]
  },
  {
    "value": "ข้อมูลทั้งหมด",
    "synonyms": [
      "ข้อมูลทั้งหมด"
    ]
  },
  {
    "value": "ชื่ออันดับย่อย",
    "synonyms": [
      "ชื่ออันดับย่อย"
    ]
  },
  {
    "value": "ชื่ออันดับ",
    "synonyms": [
      "ชื่ออันดับ"
    ]
  }
]