[
  {
    "value": "การป้องกันกำจัด",
    "synonyms": [
      "การป้องกันกำจัด"
    ]
  },
  {
    "value": "พื้นที่ที่พบ",
    "synonyms": [
      "พื้นที่ที่พบ"
    ]
  },
  {
    "value": "การแพร่ระบาด",
    "synonyms": [
      "การแพร่ระบาด"
    ]
  },
  {
    "value": "เกิดจากอะไร",
    "synonyms": [
      "เกิดจากอะไร"
    ]
  },
  {
    "value": "ลักษณะของโรค",
    "synonyms": [
      "ลักษณะของโรค"
    ]
  },
  {
    "value": "ข้อมูลทั้งหมด",
    "synonyms": [
      "ข้อมูลทั้งหมด"
    ]
  },
  {
    "value": "ข้อควรระวัง",
    "synonyms": [
      "ข้อควรระวัง"
    ]
  }
]