[
  {
    "value": "ชื่อวิทยาศาสตร์",
    "synonyms": [
      "ชื่อวิทยาศาสตร์"
    ]
  },
  {
    "value": "การแพ่ระบาดและทำลาย",
    "synonyms": [
      "การแพ่ระบาดและทำลาย"
    ]
  },
  {
    "value": "ชื่อสามัญอื่น",
    "synonyms": [
      "ชื่อสามัญอื่น"
    ]
  },
  {
    "value": "ชื่อวงศ์",
    "synonyms": [
      "ชื่อวงศ์"
    ]
  },
  {
    "value": "ชื่ออันดับ",
    "synonyms": [
      "ชื่ออันดับ"
    ]
  },
  {
    "value": "ลักษณะทั่วไป",
    "synonyms": [
      "ลักษณะทั่วไป"
    ]
  },
  {
    "value": "อาหารของแมลง",
    "synonyms": [
      "อาหารของแมลง"
    ]
  },
  {
    "value": "การป้องกันกำจัด",
    "synonyms": [
      "การป้องกันกำจัด"
    ]
  },
  {
    "value": "ข้อมูลทั้งหมด",
    "synonyms": [
      "ข้อมูลทั้งหมด"
    ]
  }
]