[
  {
    "value": "การรับรองพันธุ์",
    "synonyms": [
      "การรับรองพันธุ์"
    ]
  },
  {
    "value": "ลักษณะประจำพันธุ์",
    "synonyms": [
      "ลักษณะประจำพันธุ์"
    ]
  },
  {
    "value": "คู่ผสม",
    "synonyms": [
      "คู่ผสม"
    ]
  },
  {
    "value": "ผลผลิต",
    "synonyms": [
      "ผลผลิต"
    ]
  },
  {
    "value": "ข้อควรระวัง",
    "synonyms": [
      "ข้อควรระวัง"
    ]
  },
  {
    "value": "ชนิดของข้าว",
    "synonyms": [
      "ชนิดของข้าว"
    ]
  },
  {
    "value": "ประวัติพันธุ์",
    "synonyms": [
      "ประวัติพันธุ์"
    ]
  },
  {
    "value": "ข้อมูลทั้งหมด",
    "synonyms": [
      "ข้อมูลทั้งหมด"
    ]
  },
  {
    "value": "ลักษณะเด่น",
    "synonyms": [
      "ลักษณะเด่น"
    ]
  },
  {
    "value": "พื้นที่แนะนำ",
    "synonyms": [
      "พื้นที่แนะนำ"
    ]
  }
]