[
  {
    "value": "ชื่อวิทยาศาสตร์",
    "synonyms": [
      "ชื่อวิทยาศาสตร์"
    ]
  },
  {
    "value": "ข้อมูลทั้งหมด",
    "synonyms": [
      "ข้อมูลทั้งหมด"
    ]
  },
  {
    "value": "ชื่ออื่น",
    "synonyms": [
      "ชื่ออื่น"
    ]
  },
  {
    "value": "ลักษณะทางชีววิทยา",
    "synonyms": [
      "ลักษณะทางชีววิทยา"
    ]
  },
  {
    "value": "ประเภทและชีพจักร",
    "synonyms": [
      "ประเภทและชีพจักร"
    ]
  },
  {
    "value": "การป้องกันกำจัด",
    "synonyms": [
      "การป้องกันกำจัด"
    ]
  },
  {
    "value": "ชื่อสามัญ",
    "synonyms": [
      "ชื่อสามัญ"
    ]
  }
]