[
  {
    "id": "78fd64bf-b718-4fcf-ab5b-1eb53c319be5",
    "data": [
      {
        "text": "@",
        "userDefined": false
      },
      {
        "text": "Key",
        "alias": "Key",
        "meta": "@Key",
        "userDefined": true
      },
      {
        "text": "ของ@",
        "userDefined": false
      },
      {
        "text": "DataAnimal",
        "alias": "DataAnimal",
        "meta": "@DataAnimal",
        "userDefined": true
      }
    ],
    "isTemplate": false,
    "count": 0
  }
]