[
  {
    "id": "f3bebf23-9e39-4d81-b6dc-550952387a68",
    "data": [
      {
        "text": "สวัสดีจ้ะ",
        "userDefined": false
      }
    ],
    "isTemplate": false,
    "count": 0,
    "updated": 0
  },
  {
    "id": "cdb3ef26-af8a-4cef-b2d1-7d2d2f04c6a3",
    "data": [
      {
        "text": "ไม่เจอกันตั้งนาน",
        "userDefined": false
      }
    ],
    "isTemplate": false,
    "count": 0,
    "updated": 0
  },
  {
    "id": "b507f444-258d-4754-b6a0-43c796ecda04",
    "data": [
      {
        "text": "สวัสดี",
        "userDefined": false
      }
    ],
    "isTemplate": false,
    "count": 0,
    "updated": 0
  },
  {
    "id": "ba9672f2-9ea2-4bf5-a3f8-fc31ddab9bd1",
    "data": [
      {
        "text": "หวัดดีจ้ะ",
        "userDefined": false
      }
    ],
    "isTemplate": false,
    "count": 0,
    "updated": 0
  },
  {
    "id": "b2c25da4-768c-4e6c-a59f-6efd5c3b0265",
    "data": [
      {
        "text": "ว่าไง",
        "userDefined": false
      }
    ],
    "isTemplate": false,
    "count": 0,
    "updated": 0
  },
  {
    "id": "bc0dfc67-5e99-4025-ad0c-8e6f7e8de728",
    "data": [
      {
        "text": "สวีดัส",
        "userDefined": false
      }
    ],
    "isTemplate": false,
    "count": 0,
    "updated": 0
  },
  {
    "id": "fca57e24-2d06-433f-b2c0-3df28107c0cb",
    "data": [
      {
        "text": "ขอทักทาย",
        "userDefined": false
      }
    ],
    "isTemplate": false,
    "count": 0,
    "updated": 0
  },
  {
    "id": "d6c7f84e-3886-4447-b40a-1ac8ac61e946",
    "data": [
      {
        "text": "สวัสดีน้า",
        "userDefined": false
      }
    ],
    "isTemplate": false,
    "count": 0,
    "updated": 0
  },
  {
    "id": "876c5255-95b1-4182-bc84-0c3aeb34e0c5",
    "data": [
      {
        "text": "หวัดดีจ้า",
        "userDefined": false
      }
    ],
    "isTemplate": false,
    "count": 0,
    "updated": 0
  },
  {
    "id": "202c61a1-fc2d-47b0-9047-7ba370f631fe",
    "data": [
      {
        "text": "หวัดดี",
        "userDefined": false
      }
    ],
    "isTemplate": false,
    "count": 0,
    "updated": 0
  }
]