[
  {
    "id": "8760a867-1c1a-493c-b7ff-c679703cb0aa",
    "data": [
      {
        "text": "@",
        "userDefined": false
      },
      {
        "text": "Key",
        "alias": "Key",
        "meta": "@Key",
        "userDefined": true
      },
      {
        "text": "ของ@",
        "userDefined": false
      },
      {
        "text": "DataDisease",
        "alias": "DataDisease",
        "meta": "@DataDisease",
        "userDefined": true
      }
    ],
    "isTemplate": false,
    "count": 0
  }
]