[
  {
    "id": "c695b8d2-3457-4c33-8472-40f0f580c5bd",
    "data": [
      {
        "text": "@",
        "userDefined": false
      },
      {
        "text": "Key",
        "alias": "Key",
        "meta": "@Key",
        "userDefined": true
      },
      {
        "text": "ของ@",
        "userDefined": false
      },
      {
        "text": "DataInsect",
        "alias": "DataInsect",
        "meta": "@DataInsect",
        "userDefined": true
      }
    ],
    "isTemplate": false,
    "count": 0
  }
]