[
  {
    "id": "2134acc0-8a23-4394-b337-39ed89030f3c",
    "data": [
      {
        "text": "@",
        "userDefined": false
      },
      {
        "text": "Key",
        "alias": "Key",
        "meta": "@Key",
        "userDefined": true
      },
      {
        "text": "ของ @",
        "userDefined": false
      },
      {
        "text": "DataRice",
        "alias": "DataRice",
        "meta": "@DataRice",
        "userDefined": true
      }
    ],
    "isTemplate": false,
    "count": 0
  }
]