[
  {
    "id": "bd030ed7-f935-4917-9212-8c5e7afe1eb9",
    "data": [
      {
        "text": "กลับหน้าหลัก",
        "userDefined": false
      }
    ],
    "isTemplate": false,
    "count": 0
  },
  {
    "id": "97da4765-95f3-4a6e-ad8d-c0e5ab5e2b33",
    "data": [
      {
        "text": "เอาใหม่",
        "userDefined": false
      }
    ],
    "isTemplate": false,
    "count": 0
  },
  {
    "id": "31d9e4ec-aa9b-4df6-a9fb-43ebebb2fa0e",
    "data": [
      {
        "text": "ทักทายๆ",
        "userDefined": false
      }
    ],
    "isTemplate": false,
    "count": 0
  },
  {
    "id": "007ccb52-c1bc-4a02-85b7-a9a6c6986b1a",
    "data": [
      {
        "text": "สวัสดีครับ",
        "userDefined": false
      }
    ],
    "isTemplate": false,
    "count": 0
  },
  {
    "id": "d37d341a-483a-4f9e-8fb7-0a3015e683bf",
    "data": [
      {
        "text": "เริ่มใหม่",
        "userDefined": false
      }
    ],
    "isTemplate": false,
    "count": 0
  },
  {
    "id": "4a79e63c-be5c-4263-a513-ef73d612158f",
    "data": [
      {
        "text": "เมนู",
        "userDefined": false
      }
    ],
    "isTemplate": false,
    "count": 0
  },
  {
    "id": "b884e3b4-635a-41c1-a0e3-2e2a0f410f08",
    "data": [
      {
        "text": "สวัสดีคะ",
        "userDefined": false
      }
    ],
    "isTemplate": false,
    "count": 0
  },
  {
    "id": "b9450c5d-8d25-4ab8-83af-4bd29c254026",
    "data": [
      {
        "text": "โหล่ๆ",
        "userDefined": false
      }
    ],
    "isTemplate": false,
    "count": 0
  },
  {
    "id": "6d9b45cb-8311-4800-8a60-09c7c7a3a3fc",
    "data": [
      {
        "text": "ดีๆ",
        "userDefined": false
      }
    ],
    "isTemplate": false,
    "count": 0
  },
  {
    "id": "997fd80f-ae5f-4ea6-bb3b-835c3754b7a3",
    "data": [
      {
        "text": "ดีคับ",
        "userDefined": false
      }
    ],
    "isTemplate": false,
    "count": 0
  },
  {
    "id": "103e3a12-ac00-4ab3-a6e4-821088ab912e",
    "data": [
      {
        "text": "สวีดัส",
        "userDefined": false
      }
    ],
    "isTemplate": false,
    "count": 0
  },
  {
    "id": "86d32e35-293f-480b-97d1-650af40050a3",
    "data": [
      {
        "text": "สวัสดี",
        "userDefined": false
      }
    ],
    "isTemplate": false,
    "count": 0
  },
  {
    "id": "641f69cf-9dec-46be-aba4-b06742dc6f2e",
    "data": [
      {
        "text": "เริ่ม",
        "userDefined": false
      }
    ],
    "isTemplate": false,
    "count": 0
  },
  {
    "id": "23a9bfd1-a679-4eef-9dae-36eb32377428",
    "data": [
      {
        "text": "ดีจ้า",
        "userDefined": false
      }
    ],
    "isTemplate": false,
    "count": 0
  }
]