[
  {
    "id": "746253f1-4c87-49ff-8038-1bffe0faba13",
    "data": [
      {
        "text": "@",
        "userDefined": false
      },
      {
        "text": "Key",
        "alias": "Key",
        "meta": "@Key",
        "userDefined": true
      },
      {
        "text": "ของ@",
        "userDefined": false
      },
      {
        "text": "DataWeed",
        "alias": "DataWeed",
        "meta": "@DataWeed",
        "userDefined": true
      }
    ],
    "isTemplate": false,
    "count": 0
  }
]